anyhow	1.0.104		debug	target	bake/top1000-linux/wasm-metadata/roots.json
aws-lc-rs	1.18.1	alloc,aws-lc-sys,default,ring-io,ring-sig-verify	debug	target	bake/top1000-linux/aws-lc-rs/roots.json
aws-lc-rs	1.18.1	aws-lc-sys,prebuilt-nasm	debug	target	bake/top1000-linux/aws-config/roots.json
bindgen	0.73.2	default,logging,prettyplease,runtime	debug	target	bake/top1000-linux/bindgen/roots.json
camino	1.2.6	serde1	debug	target	bake/top1000-linux/cargo_metadata/roots.json
camino	1.2.6		debug	target	bake/top1000-linux/camino/roots.json
cpp_demangle	0.5.1	alloc,default,std	debug	target	bake/top1000-linux/cpp_demangle/roots.json
cpp_demangle	0.5.1	alloc	debug	target	bake/top1000-linux/addr2line/roots.json
crc32fast	1.5.2	default,std	debug	target	bake/top1000-linux/aws-sdk-s3/roots.json
crc32fast	1.5.2	std	debug	target	bake/top1000-linux/addr2line/roots.json
crossbeam-deque	0.8.8	default,std	debug	target	bake/top1000-linux/criterion/roots.json
crossbeam-deque	0.8.8	std	debug	target	bake/top1000-linux/crossbeam/roots.json
crossbeam-epoch	0.9.21	alloc,default,std	debug	target	bake/top1000-linux/crossbeam-epoch/roots.json
crossbeam-epoch	0.9.21	alloc,std	debug	target	bake/top1000-linux/criterion/roots.json
crossbeam-utils	0.8.23	std	debug	host	bake/top1000-linux/sqlx-macros/roots.json
crossbeam-utils	0.8.23	std	debug	target	bake/top1000-linux/crossbeam-channel/roots.json
crossbeam-utils	0.8.23		debug	target	bake/top1000-linux/async-channel/roots.json
crunchy	0.2.4	default,limit_128	debug	host	bake/top1000-linux/const-random-macro/roots.json
crunchy	0.2.4	default,limit_128	debug	target	bake/top1000-linux/crunchy/roots.json
defmt-macros	1.1.1		debug	host	bake/top1000-linux/defmt-macros/roots.json
defmt	1.1.1		debug	target	bake/top1000-linux/defmt/roots.json
erased-serde	0.4.10	alloc,default,std	debug	target	bake/top1000-linux/erased-serde/roots.json
erased-serde	0.4.10	alloc	debug	target	bake/top1000-linux/serde-untagged/roots.json
font-kit	0.14.3	default,source	debug	target	bake/top1000-linux/plotters/roots.json
getrandom	0.3.4	std	debug	target	bake/top1000-linux/opentelemetry-otlp/roots.json
getrandom	0.3.4		debug	target	bake/top1000-linux/ahash/roots.json
getrandom	0.4.3	std	debug	target	bake/top1000-linux/redox_users/roots.json
getrandom	0.4.3	sys_rng	debug	target	bake/top1000-linux/aes-gcm/roots.json
heapless	0.9.3		debug	target	bake/top1000-linux/cobs/roots.json
httparse	1.10.1	default,std	debug	target	bake/top1000-linux/aws-config/roots.json
httparse	1.10.1		debug	target	bake/top1000-linux/ureq-proto/roots.json
icu_locale_fallback_data	2.3.0		debug	target	bake/top1000-linux/textwrap/roots.json
icu_locid_transform_data	1.5.1		debug	target	bake/top1000-linux/icu_locid_transform_data/roots.json
icu_normalizer_data	2.3.0		debug	host	bake/top1000-linux/sqlx-macros/roots.json
icu_normalizer_data	2.3.0		debug	target	bake/top1000-linux/aws-config/roots.json
icu_properties_data	2.3.0		debug	host	bake/top1000-linux/sqlx-macros/roots.json
icu_properties_data	2.3.0		debug	target	bake/top1000-linux/aws-config/roots.json
icu_segmenter_data	2.3.0		debug	target	bake/top1000-linux/textwrap/roots.json
inotify-sys	0.1.8		debug	target	bake/top1000-linux/inotify-sys/roots.json
io-lifetimes	3.0.1	default	debug	target	bake/top1000-linux/io-lifetimes/roots.json
jni-sys	0.3.1	default	debug	target	bake/top1000-linux/ndk-sys/roots.json
k8s-openapi	0.28.0	default,std	debug	target	bake/top1000-linux/k8s-openapi/roots.json
k8s-openapi	0.28.0		debug	target	bake/top1000-linux/kube-client/roots.json
libc	0.2.190	default,extra_traits,std	debug	target	bake/top1000-linux/ctrlc/roots.json
libm	0.2.16	arch,default	debug	target	bake/top1000-linux/arrow-arith/roots.json
libm	0.2.16		debug	target	bake/top1000-linux/image/roots.json
mockall_derive	0.15.0		debug	host	bake/top1000-linux/mockall/roots.json
mockall	0.15.0		debug	target	bake/top1000-linux/mockall/roots.json
native-tls	0.2.18	default	debug	target	bake/top1000-linux/hyper-tls/roots.json
ntapi	0.4.3	default,user	debug	target	bake/top1000-linux/ntapi/roots.json
num-bigint-dig	0.8.6	i128,prime,rand,u64_digit,zeroize	debug	target	bake/top1000-linux/rsa/roots.json
num-bigint-dig	0.9.1	default,rand,serde,std,u64_digit	debug	target	bake/top1000-linux/num-bigint-dig/roots.json
objc2	0.6.5	alloc,default,std	debug	target	bake/top1000-linux/objc2/roots.json
objc2	0.6.5	alloc,std	debug	target	bake/top1000-linux/block2/roots.json
object	0.37.3	archive,coff,elf,macho,pe,read_core,unaligned,xcoff	debug	target	bake/top1000-linux/backtrace/roots.json
object	0.39.1	archive,coff,elf,macho,pe,read,read_core,std,xcoff	debug	target	bake/top1000-linux/ar_archive_writer/roots.json
oid-registry	0.8.1	crypto,default,kdf,nist_algs,pkcs1,pkcs12,pkcs7,pkcs9,registry,x509,x962	debug	target	bake/top1000-linux/x509-parser/roots.json
oid-registry	0.8.1	default,registry	debug	target	bake/top1000-linux/oid-registry/roots.json
openssl	0.10.81	default	debug	target	bake/top1000-linux/hyper-tls/roots.json
paste	1.0.15		debug	host	bake/top1000-linux/image/roots.json
portable-atomic-util	0.2.8	default	debug	target	bake/top1000-linux/portable-atomic-util/roots.json
portable-atomic	1.15.0	default,fallback	debug	target	bake/top1000-linux/hickory-resolver/roots.json
portable-atomic	1.15.0	fallback	debug	target	bake/top1000-linux/quanta/roots.json
portable-atomic	1.15.0	require-cas	debug	target	bake/top1000-linux/portable-atomic-util/roots.json
portable-atomic	1.15.0		debug	target	bake/top1000-linux/hickory-proto/roots.json
prettyplease	0.2.37		debug	target	bake/top1000-linux/prost-build/roots.json
prettyplease	0.3.0	verbatim	debug	target	bake/top1000-linux/bindgen/roots.json
prettyplease	0.3.0		debug	host	bake/top1000-linux/bon-macros/roots.json
prettyplease	0.3.0		debug	target	bake/top1000-linux/prettyplease/roots.json
proc-macro2	1.0.107		debug	target	bake/top1000-linux/prettyplease/roots.json
protobuf	3.7.2	default	debug	target	bake/top1000-linux/prometheus/roots.json
pulldown-cmark	0.13.4	default,getopts,html,pulldown-cmark-escape	debug	target	bake/top1000-linux/pulldown-cmark/roots.json
pulldown-cmark	0.13.4		debug	target	bake/top1000-linux/pulldown-cmark-to-cmark/roots.json
quote	1.0.47		debug	host	bake/top1000-linux/serial_test/roots.json
quote	1.0.47		debug	target	bake/top1000-linux/pyo3-macros-backend/roots.json
radium	0.7.0		debug	target	bake/top1000-linux/bitvec/roots.json
rayon-core	1.13.0		debug	target	bake/top1000-linux/criterion/roots.json
ref-cast	1.0.27		debug	target	bake/top1000-linux/fluent-uri/roots.json
rust_decimal	1.43.0	default,serde,std	debug	target	bake/top1000-linux/rust_decimal/roots.json
rustix	1.1.5	alloc,default,fs,std	debug	target	bake/top1000-linux/insta/roots.json
rustix	1.1.5	alloc,default,std,termios	debug	target	bake/top1000-linux/terminal_size/roots.json
rustix	1.1.5	alloc,event,fs,net,pipe,process,std,time	debug	target	bake/top1000-linux/async-io/roots.json
rustix	1.1.5	alloc,event,fs,net,std,system	debug	target	bake/top1000-linux/x11rb/roots.json
rustix	1.1.5	alloc,event,fs,pipe,process,std,time	debug	target	bake/top1000-linux/polling/roots.json
rustix	1.1.5	alloc,fs,std	debug	target	bake/top1000-linux/tar/roots.json
rustix	1.1.5	alloc,std,stdio,termios	debug	target	bake/top1000-linux/crossterm/roots.json
rustix	1.1.5	system	debug	target	bake/top1000-linux/gethostname/roots.json
serde_core	1.0.229	alloc,default,result,std	debug	target	bake/top1000-linux/axum/roots.json
serde_core	1.0.229	alloc,rc,result,std	debug	host	bake/top1000-linux/sqlx-macros/roots.json
serde_core	1.0.229	alloc,rc,result,std	debug	target	bake/top1000-linux/sqlx-macros-core/roots.json
serde_core	1.0.229	alloc,result,std	debug	host	bake/top1000-linux/wit-bindgen-rust-macro/roots.json
serde_core	1.0.229	alloc,result,std	debug	target	bake/top1000-linux/ciborium/roots.json
serde_core	1.0.229	alloc,result	debug	target	bake/top1000-linux/k8s-openapi/roots.json
serde_core	1.0.229	alloc	debug	target	bake/top1000-linux/serde-untagged/roots.json
serde_core	1.0.229	result	debug	target	bake/top1000-linux/hickory-resolver/roots.json
serde_json	1.0.151	alloc,default,std	debug	target	bake/top1000-linux/json-patch/roots.json
serde_json	1.0.151	alloc,std	debug	target	bake/top1000-linux/jsonptr/roots.json
serde_json	1.0.151	alloc	debug	target	bake/top1000-linux/k8s-openapi/roots.json
serde_json	1.0.151	default,float_roundtrip,std	debug	target	bake/top1000-linux/jsonschema/roots.json
serde_json	1.0.151	default,raw_value,std	debug	host	bake/top1000-linux/sqlx/roots.json
serde_json	1.0.151	default,raw_value,std	debug	target	bake/top1000-linux/axum/roots.json
serde_json	1.0.151	default,std,unbounded_depth	debug	target	bake/top1000-linux/cargo_metadata/roots.json
serde_json	1.0.151	std	debug	target	bake/top1000-linux/arrow/roots.json
serde	1.0.229	alloc,default,derive,rc,serde_derive,std	debug	host	bake/top1000-linux/sqlx-macros/roots.json
serde	1.0.229	alloc,default,derive,rc,serde_derive,std	debug	target	bake/top1000-linux/sqlx-macros-core/roots.json
serde	1.0.229	alloc,default,derive,serde_derive,std	debug	target	bake/top1000-linux/criterion/roots.json
serde	1.0.229	alloc,default,serde_derive,std	debug	target	bake/top1000-linux/wasm-metadata/roots.json
serde	1.0.229	alloc,default,std	debug	target	bake/top1000-linux/referencing/roots.json
serde	1.0.229	alloc,derive,serde_derive,std	debug	target	bake/top1000-linux/ciborium/roots.json
serde	1.0.229	alloc,std	debug	target	bake/top1000-linux/jsonptr/roots.json
serde	1.0.229	alloc	debug	host	bake/top1000-linux/wit-bindgen-rust-macro/roots.json
serde	1.0.229	alloc	debug	target	bake/top1000-linux/schemars/roots.json
serde	1.0.229	default,derive,serde_derive,std	debug	host	bake/top1000-linux/zbus/roots.json
serde	1.0.229	default,derive,serde_derive,std	debug	target	bake/top1000-linux/cargo_metadata/roots.json
serde	1.0.229	derive,serde_derive	debug	target	bake/top1000-linux/hickory-resolver/roots.json
serde	1.0.229	serde_derive,std	debug	target	bake/top1000-linux/opentelemetry-proto/roots.json
serde	1.0.229	std	debug	target	bake/top1000-linux/rust_decimal/roots.json
serde	1.0.229		debug	target	bake/top1000-linux/k8s-openapi/roots.json
snap	1.1.2		debug	target	bake/top1000-linux/snap/roots.json
syn	1.0.109	clone-impls,default,derive,extra-traits,parsing,printing,proc-macro,quote,visit	debug	host	bake/top1000-linux/derivative/roots.json
syn	1.0.109		debug	target	bake/top1000-linux/proc-macro-error/roots.json
system-configuration-sys	0.6.0		debug	target	bake/top1000-linux/system-configuration-sys/roots.json
target-lexicon	0.13.5	default	debug	target	bake/top1000-linux/pyo3-build-config/roots.json
thiserror	1.0.69		debug	target	bake/top1000-linux/filedescriptor/roots.json
thiserror	2.0.21	std	debug	host	bake/top1000-linux/sqlx-macros/roots.json
thiserror	2.0.21	std	debug	target	bake/top1000-linux/cobs/roots.json
thiserror	2.0.21		debug	target	bake/top1000-linux/jsonwebtoken/roots.json
tiny-keccak	2.0.2	default,shake	debug	host	bake/top1000-linux/const-random-macro/roots.json
tiny-keccak	2.0.2	default	debug	target	bake/top1000-linux/tiny-keccak/roots.json
typeid	1.0.3		debug	target	bake/top1000-linux/erased-serde/roots.json
unicode-general-category	1.1.0		debug	target	bake/top1000-linux/jsonschema/roots.json
valuable	0.1.1	alloc,default,std	debug	target	bake/top1000-linux/valuable/roots.json
wasm-bindgen-shared	0.2.104		debug	target	bake/top1000-linux/wasm-bindgen-backend/roots.json
wasm-bindgen-shared	0.2.129		debug	host	bake/top1000-linux/gloo-timers/roots.json
wasm-bindgen-shared	0.2.129		debug	target	bake/top1000-linux/gloo-timers/roots.json
winapi-i686-pc-windows-gnu	0.4.0		debug	target	bake/top1000-linux/winapi-i686-pc-windows-gnu/roots.json
winapi-x86_64-pc-windows-gnu	0.4.0		debug	target	bake/top1000-linux/winapi-x86_64-pc-windows-gnu/roots.json
winapi	0.3.9	cfg,evntrace,in6addr,inaddr,minwinbase,ntsecapi,windef,winioctl	debug	target	bake/top1000-linux/ntapi/roots.json
winapi	0.3.9		debug	target	bake/top1000-linux/winapi/roots.json
wit-bindgen-rust-macro	0.62.0	default,macro-string	debug	host	bake/top1000-linux/wit-bindgen-rust-macro/roots.json
wit-bindgen-rust-macro	0.62.0	macro-string	debug	host	bake/top1000-linux/wit-bindgen/roots.json
wit-bindgen-rust	0.62.0		debug	host	bake/top1000-linux/wit-bindgen-rust-macro/roots.json
wit-bindgen-rust	0.62.0		debug	target	bake/top1000-linux/wit-bindgen-rust/roots.json
wit-bindgen	0.57.1	bitflags	debug	target	bake/top1000-linux/wasi/roots.json
wit-bindgen	0.57.1		debug	target	bake/top1000-linux/wasite/roots.json
wit-bindgen	0.62.0	async,bitflags,default,macro-string,macros,realloc,std	debug	target	bake/top1000-linux/wit-bindgen/roots.json
wit-bindgen	0.62.0	async,bitflags	debug	target	bake/top1000-linux/wasip3/roots.json
wit-bindgen	0.62.0	bitflags	debug	target	bake/top1000-linux/wasip2/roots.json
zerocopy	0.8.60	derive,simd,zerocopy-derive	debug	target	bake/top1000-linux/arrow-arith/roots.json
zstd-safe	7.3.0	std	debug	target	bake/top1000-linux/zip/roots.json
zstd-safe	8.0.0	arrays,default,legacy,zdict_builder	debug	target	bake/top1000-linux/zstd-safe/roots.json
zstd-safe	8.0.0	arrays,legacy,std,zdict_builder	debug	target	bake/top1000-linux/zstd/roots.json
