av-scenechange	0.14.1		debug	target	bake/top1000-linux/image/roots.json
chrono-tz	0.10.4	default,std	debug	target	bake/top1000-linux/chrono-tz/roots.json
jsonschema-value	0.58.6	default,serde_json	debug	target	bake/top1000-linux/jsonschema/roots.json
libsqlite3-sys	0.37.0	pkg-config,vcpkg	debug	target	bake/top1000-linux/sqlx-sqlite/roots.json
libsqlite3-sys	0.38.2	default,min_sqlite_version_3_34_1,pkg-config,vcpkg	debug	target	bake/top1000-linux/libsqlite3-sys/roots.json
proc-macro2-diagnostics	0.11.0		debug	target	bake/top1000-linux/proc-macro2-diagnostics/roots.json
prometheus	0.14.0	default,protobuf	debug	target	bake/top1000-linux/prometheus/roots.json
rustls	0.21.12	default,log,logging,tls12	debug	target	bake/top1000-linux/aws-sdk-s3/roots.json
rustls	0.23.45	aws-lc-rs,aws_lc_rs,log,logging,std,tls12	debug	target	bake/top1000-linux/hyper-rustls/roots.json
rustls	0.23.45	aws-lc-rs,aws_lc_rs,prefer-post-quantum,std,tls12	debug	target	bake/top1000-linux/aws-config/roots.json
rustls	0.23.45	aws-lc-rs,aws_lc_rs,std,tls12	debug	target	bake/top1000-linux/jsonschema/roots.json
rustls	0.23.45	log,logging,ring,std,tls12	debug	target	bake/top1000-linux/kube/roots.json
rustls	0.23.45	ring,std	debug	target	bake/top1000-linux/quinn-proto/roots.json
rustls	0.23.45	std	debug	target	bake/top1000-linux/rustls-platform-verifier/roots.json
signal-hook	0.3.18	channel,default,iterator	debug	target	bake/top1000-linux/crossterm/roots.json
signal-hook	0.4.5	channel,default,iterator	debug	target	bake/top1000-linux/signal-hook-mio/roots.json
system-deps	9.0.0	default	debug	target	bake/top1000-linux/system-deps/roots.json
ahash	0.8.12	default,getrandom,runtime-rng,serde,std	debug	target	bake/top1000-linux/jsonschema/roots.json	bake/facts/build-locks/x86_64-unknown-linux-gnu/ahash-0.8.12-default_getrandom_runtime-rng_serde_std.json
ahash	0.8.12	default,getrandom,runtime-rng,std	debug	target	bake/top1000-linux/ahash/roots.json	bake/facts/build-locks/x86_64-unknown-linux-gnu/ahash-0.8.12-default_getrandom_runtime-rng_std.json
ahash	0.8.12	getrandom,runtime-rng	debug	target	bake/top1000-linux/arrow-arith/roots.json	bake/facts/build-locks/x86_64-unknown-linux-gnu/ahash-0.8.12-getrandom_runtime-rng.json
alloca	0.4.0		debug	target	bake/top1000-linux/criterion/roots.json	bake/facts/build-locks/x86_64-unknown-linux-gnu/alloca-0.4.0-.json
async-io	2.6.0		debug	target	bake/top1000-linux/async-io/roots.json	bake/facts/build-locks/x86_64-unknown-linux-gnu/async-io-2.6.0-.json
aws-lc-sys	0.45.0	all-bindings,default	debug	target	bake/top1000-linux/aws-lc-sys/roots.json	bake/facts/build-locks/x86_64-unknown-linux-gnu/aws-lc-sys-0.45.0-all-bindings_default.json
aws-lc-sys	0.45.0	prebuilt-nasm	debug	target	bake/top1000-linux/aws-config/roots.json	bake/facts/build-locks/x86_64-unknown-linux-gnu/aws-lc-sys-0.45.0-prebuilt-nasm.json
aws-lc-sys	0.45.0		debug	target	bake/top1000-linux/aws-lc-rs/roots.json	bake/facts/build-locks/x86_64-unknown-linux-gnu/aws-lc-sys-0.45.0-.json
aws-types	1.6.0		debug	target	bake/top1000-linux/aws-config/roots.json	bake/facts/build-locks/x86_64-unknown-linux-gnu/aws-types-1.6.0-.json
bigdecimal	0.4.11	default,std	debug	target	bake/top1000-linux/bigdecimal/roots.json	bake/facts/build-locks/x86_64-unknown-linux-gnu/bigdecimal-0.4.11-default_std.json
blake3	1.8.7	default,std	debug	target	bake/top1000-linux/blake3/roots.json	bake/facts/build-locks/x86_64-unknown-linux-gnu/blake3-1.8.7-default_std.json
borsh	1.8.1	default,std	debug	target	bake/top1000-linux/borsh/roots.json	bake/facts/build-locks/x86_64-unknown-linux-gnu/borsh-1.8.1-default_std.json
bzip2-sys	0.1.13+1.0.8		debug	target	bake/top1000-linux/bzip2-sys/roots.json	bake/facts/build-locks/x86_64-unknown-linux-gnu/bzip2-sys-0.1.13+1.0.8-.json
clang-sys	1.9.1	clang_10_0,clang_11_0,clang_3_5,clang_3_6,clang_3_7,clang_3_8,clang_3_9,clang_4_0,clang_5_0,clang_6_0,clang_7_0,clang_8_0,clang_9_0,libloading,runtime	debug	target	bake/top1000-linux/bindgen/roots.json	bake/facts/build-locks/x86_64-unknown-linux-gnu/clang-sys-1.9.1-clang_10_0_clang_11_0_clang_3_5_clang_3_6_clang_3_7_clang_3_8_clang_3_9_clang_4_0_clang_5_0_clang_6_0_clang_7_0_clang_8_0_clang_9_0_libloading_runtime.json
clang-sys	1.9.1		debug	target	bake/top1000-linux/clang-sys/roots.json	bake/facts/build-locks/x86_64-unknown-linux-gnu/clang-sys-1.9.1-.json
constant_time_eq	0.6.1	default,std	debug	target	bake/top1000-linux/constant_time_eq/roots.json	bake/facts/build-locks/x86_64-unknown-linux-gnu/constant_time_eq-0.6.1-default_std.json
cookie	0.18.2	percent-encode,percent-encoding	debug	target	bake/top1000-linux/cookie_store/roots.json	bake/facts/build-locks/x86_64-unknown-linux-gnu/cookie-0.18.2-percent-encode_percent-encoding.json
cookie	0.18.2		debug	target	bake/top1000-linux/cookie/roots.json	bake/facts/build-locks/x86_64-unknown-linux-gnu/cookie-0.18.2-.json
curve25519-dalek	5.0.0	alloc,default,precomputed-tables,zeroize	debug	target	bake/top1000-linux/curve25519-dalek/roots.json	bake/facts/build-locks/x86_64-unknown-linux-gnu/curve25519-dalek-5.0.0-alloc_default_precomputed-tables_zeroize.json
curve25519-dalek	5.0.0	digest,precomputed-tables,zeroize	debug	target	bake/top1000-linux/ed25519-dalek/roots.json	bake/facts/build-locks/x86_64-unknown-linux-gnu/curve25519-dalek-5.0.0-digest_precomputed-tables_zeroize.json
curve25519-dalek	5.0.0	precomputed-tables,zeroize	debug	target	bake/top1000-linux/x25519-dalek/roots.json	bake/facts/build-locks/x86_64-unknown-linux-gnu/curve25519-dalek-5.0.0-precomputed-tables_zeroize.json
encoding_rs	0.8.42	alloc,default	debug	target	bake/top1000-linux/encoding_rs/roots.json	bake/facts/build-locks/x86_64-unknown-linux-gnu/encoding_rs-0.8.42-alloc_default.json
eyre	0.6.14	auto-install,default,track-caller	debug	target	bake/top1000-linux/eyre/roots.json	bake/facts/build-locks/x86_64-unknown-linux-gnu/eyre-0.6.14-auto-install_default_track-caller.json
flatbuffers	25.12.19	default,std	debug	target	bake/top1000-linux/flatbuffers/roots.json	bake/facts/build-locks/x86_64-unknown-linux-gnu/flatbuffers-25.12.19-default_std.json
flatbuffers	25.12.19		debug	target	bake/top1000-linux/arrow-ipc/roots.json	bake/facts/build-locks/x86_64-unknown-linux-gnu/flatbuffers-25.12.19-.json
freetype-sys	0.20.1		debug	target	bake/top1000-linux/plotters/roots.json	bake/facts/build-locks/x86_64-unknown-linux-gnu/freetype-sys-0.20.1-.json
fs-err	3.3.2		debug	target	bake/top1000-linux/fs-err/roots.json	bake/facts/build-locks/x86_64-unknown-linux-gnu/fs-err-3.3.2-.json
generic-array	0.14.7	more_lengths,zeroize	debug	target	bake/top1000-linux/aws-sdk-s3/roots.json	bake/facts/build-locks/x86_64-unknown-linux-gnu/generic-array-0.14.7-more_lengths_zeroize.json
generic-array	0.14.7	more_lengths	debug	host	bake/top1000-linux/sqlx-macros/roots.json	bake/facts/build-locks/x86_64-unknown-linux-gnu/generic-array-0.14.7-more_lengths.json
generic-array	0.14.7	more_lengths	debug	target	bake/top1000-linux/ark-ff/roots.json	bake/facts/build-locks/x86_64-unknown-linux-gnu/generic-array-0.14.7-more_lengths.json
generic-array	0.14.9		debug	target	bake/top1000-linux/sqlx-mysql/roots.json	bake/facts/build-locks/x86_64-unknown-linux-gnu/generic-array-0.14.9-.json
heapless	0.7.17	atomic-polyfill,cas,serde	debug	target	bake/top1000-linux/postcard/roots.json	bake/facts/build-locks/x86_64-unknown-linux-gnu/heapless-0.7.17-atomic-polyfill_cas_serde.json
iana-time-zone-haiku	0.1.2		debug	target	bake/top1000-linux/iana-time-zone-haiku/roots.json	bake/facts/build-locks/x86_64-unknown-linux-gnu/iana-time-zone-haiku-0.1.2-.json
jni-macros	0.22.4		debug	host	bake/top1000-linux/jni-macros/roots.json	bake/facts/build-locks/x86_64-unknown-linux-gnu/jni-macros-0.22.4-.json
jni	0.22.4	default	debug	target	bake/top1000-linux/jni/roots.json	bake/facts/build-locks/x86_64-unknown-linux-gnu/jni-0.22.4-default.json
libz-sys	1.1.29	default,libc,stock-zlib	debug	target	bake/top1000-linux/libz-sys/roots.json	bake/facts/build-locks/x86_64-unknown-linux-gnu/libz-sys-1.1.29-default_libc_stock-zlib.json
matrixmultiply	0.3.11	avx512,default,std	debug	target	bake/top1000-linux/matrixmultiply/roots.json	bake/facts/build-locks/x86_64-unknown-linux-gnu/matrixmultiply-0.3.11-avx512_default_std.json
matrixmultiply	0.3.11	cgemm,std	debug	target	bake/top1000-linux/ndarray/roots.json	bake/facts/build-locks/x86_64-unknown-linux-gnu/matrixmultiply-0.3.11-cgemm_std.json
memoffset	0.9.1	default	debug	target	bake/top1000-linux/memoffset/roots.json	bake/facts/build-locks/x86_64-unknown-linux-gnu/memoffset-0.9.1-default.json
mime_guess	2.0.5	default,rev-mappings	debug	target	bake/top1000-linux/mime_guess/roots.json	bake/facts/build-locks/x86_64-unknown-linux-gnu/mime_guess-2.0.5-default_rev-mappings.json
multer	3.1.0	default	debug	target	bake/top1000-linux/multer/roots.json	bake/facts/build-locks/x86_64-unknown-linux-gnu/multer-3.1.0-default.json
nix	0.31.3	default	debug	target	bake/top1000-linux/nix/roots.json	bake/facts/build-locks/x86_64-unknown-linux-gnu/nix-0.31.3-default.json
nix	0.31.3	process,signal	debug	target	bake/top1000-linux/ctrlc/roots.json	bake/facts/build-locks/x86_64-unknown-linux-gnu/nix-0.31.3-process_signal.json
nix	0.31.3		debug	target	bake/top1000-linux/object_store/roots.json	bake/facts/build-locks/x86_64-unknown-linux-gnu/nix-0.31.3-.json
num-traits	0.2.19	default,i128,std	debug	target	bake/top1000-linux/image/roots.json	bake/facts/build-locks/x86_64-unknown-linux-gnu/num-traits-0.2.19-default_i128_std.json
num-traits	0.2.19	default,std	debug	target	bake/top1000-linux/asn1-rs/roots.json	bake/facts/build-locks/x86_64-unknown-linux-gnu/num-traits-0.2.19-default_std.json
num-traits	0.2.19	i128,libm,std	debug	target	bake/top1000-linux/arrow-arith/roots.json	bake/facts/build-locks/x86_64-unknown-linux-gnu/num-traits-0.2.19-i128_libm_std.json
num-traits	0.2.19	i128,libm	debug	target	bake/top1000-linux/rsa/roots.json	bake/facts/build-locks/x86_64-unknown-linux-gnu/num-traits-0.2.19-i128_libm.json
num-traits	0.2.19	i128,std	debug	target	bake/top1000-linux/arrow-buffer/roots.json	bake/facts/build-locks/x86_64-unknown-linux-gnu/num-traits-0.2.19-i128_std.json
num-traits	0.2.19	i128	debug	host	bake/top1000-linux/ark-ff-macros/roots.json	bake/facts/build-locks/x86_64-unknown-linux-gnu/num-traits-0.2.19-i128.json
num-traits	0.2.19	i128	debug	target	bake/top1000-linux/ark-ff/roots.json	bake/facts/build-locks/x86_64-unknown-linux-gnu/num-traits-0.2.19-i128.json
num-traits	0.2.19	libm	debug	target	bake/top1000-linux/rand_distr/roots.json	bake/facts/build-locks/x86_64-unknown-linux-gnu/num-traits-0.2.19-libm.json
num-traits	0.2.19	std	debug	target	bake/top1000-linux/atoi/roots.json	bake/facts/build-locks/x86_64-unknown-linux-gnu/num-traits-0.2.19-std.json
num-traits	0.2.19		debug	target	bake/top1000-linux/approx/roots.json	bake/facts/build-locks/x86_64-unknown-linux-gnu/num-traits-0.2.19-.json
openssl-sys	0.9.117		debug	target	bake/top1000-linux/hyper-tls/roots.json	bake/facts/build-locks/x86_64-unknown-linux-gnu/openssl-sys-0.9.117-.json
pathfinder_simd	0.5.6		debug	target	bake/top1000-linux/plotters/roots.json	bake/facts/build-locks/x86_64-unknown-linux-gnu/pathfinder_simd-0.5.6-.json
proc-macro-error-attr	1.0.4		debug	host	bake/top1000-linux/proc-macro-error-attr/roots.json	bake/facts/build-locks/x86_64-unknown-linux-gnu/proc-macro-error-attr-1.0.4-.json
proc-macro-error	1.0.4	default,syn,syn-error	debug	target	bake/top1000-linux/proc-macro-error/roots.json	bake/facts/build-locks/x86_64-unknown-linux-gnu/proc-macro-error-1.0.4-default_syn_syn-error.json
psm	0.1.32		debug	target	bake/top1000-linux/psm/roots.json	bake/facts/build-locks/x86_64-unknown-linux-gnu/psm-0.1.32-.json
pulp	0.22.3	default,relaxed-simd,std,x86-v3	debug	target	bake/top1000-linux/image/roots.json	bake/facts/build-locks/x86_64-unknown-linux-gnu/pulp-0.22.3-default_relaxed-simd_std_x86-v3.json
pyo3-ffi	0.29.3	default	debug	target	bake/top1000-linux/pyo3-ffi/roots.json	bake/facts/build-locks/x86_64-unknown-linux-gnu/pyo3-ffi-0.29.3-default.json
pyo3	0.29.3	default,macros,pyo3-macros	debug	target	bake/top1000-linux/pyo3/roots.json	bake/facts/build-locks/x86_64-unknown-linux-gnu/pyo3-0.29.3-default_macros_pyo3-macros.json
quinn-udp	0.5.16	log,tracing	debug	target	bake/top1000-linux/quinn/roots.json	bake/facts/build-locks/x86_64-unknown-linux-gnu/quinn-udp-0.5.16-log_tracing.json
quinn-udp	0.6.3	default,tracing,tracing-log	debug	target	bake/top1000-linux/quinn-udp/roots.json	bake/facts/build-locks/x86_64-unknown-linux-gnu/quinn-udp-0.6.3-default_tracing_tracing-log.json
quinn	0.11.12	bloom,default,log,platform-verifier,ring,runtime-tokio,rustls-ring	debug	target	bake/top1000-linux/quinn/roots.json	bake/facts/build-locks/x86_64-unknown-linux-gnu/quinn-0.11.12-bloom_default_log_platform-verifier_ring_runtime-tokio_rustls-ring.json
rav1e	0.8.1	threading	debug	target	bake/top1000-linux/image/roots.json	bake/facts/build-locks/x86_64-unknown-linux-gnu/rav1e-0.8.1-threading.json
ring	0.17.14	alloc,default,dev_urandom_fallback	debug	target	bake/top1000-linux/aws-sdk-s3/roots.json	bake/facts/build-locks/x86_64-unknown-linux-gnu/ring-0.17.14-alloc_default_dev_urandom_fallback.json
rstest_macros	0.27.0	async-timeout,crate-name,default	debug	host	bake/top1000-linux/rstest_macros/roots.json	bake/facts/build-locks/x86_64-unknown-linux-gnu/rstest_macros-0.27.0-async-timeout_crate-name_default.json
rstest_macros	0.27.0	async-timeout,crate-name	debug	host	bake/top1000-linux/rstest/roots.json	bake/facts/build-locks/x86_64-unknown-linux-gnu/rstest_macros-0.27.0-async-timeout_crate-name.json
secp256k1-sys	0.14.1	alloc,default,std	debug	target	bake/top1000-linux/secp256k1-sys/roots.json	bake/facts/build-locks/x86_64-unknown-linux-gnu/secp256k1-sys-0.14.1-alloc_default_std.json
secp256k1-sys	0.14.1	alloc,std	debug	target	bake/top1000-linux/secp256k1/roots.json	bake/facts/build-locks/x86_64-unknown-linux-gnu/secp256k1-sys-0.14.1-alloc_std.json
slotmap	1.1.1	default,std	debug	target	bake/top1000-linux/slotmap/roots.json	bake/facts/build-locks/x86_64-unknown-linux-gnu/slotmap-1.1.1-default_std.json
stacker	0.1.25		debug	target	bake/top1000-linux/stacker/roots.json	bake/facts/build-locks/x86_64-unknown-linux-gnu/stacker-0.1.25-.json
tikv-jemalloc-sys	0.7.1+5.3.1-0-g81034ce1f1373e37dc865038e1bc8eeecf559ce8	background_threads_runtime_support,default	debug	target	bake/top1000-linux/tikv-jemalloc-sys/roots.json	bake/facts/build-locks/x86_64-unknown-linux-gnu/tikv-jemalloc-sys-0.7.1+5.3.1-0-g81034ce1f1373e37dc865038e1bc8eeecf559ce8-background_threads_runtime_support_default.json
tikv-jemalloc-sys	0.7.1+5.3.1-0-g81034ce1f1373e37dc865038e1bc8eeecf559ce8	background_threads_runtime_support	debug	target	bake/top1000-linux/tikv-jemallocator/roots.json	bake/facts/build-locks/x86_64-unknown-linux-gnu/tikv-jemalloc-sys-0.7.1+5.3.1-0-g81034ce1f1373e37dc865038e1bc8eeecf559ce8-background_threads_runtime_support.json
wasm-bindgen	0.2.129	default,std	debug	target	bake/top1000-linux/gloo-timers/roots.json	bake/facts/build-locks/x86_64-unknown-linux-gnu/wasm-bindgen-0.2.129-default_std.json
wasm-bindgen	0.2.129	std	debug	target	bake/top1000-linux/js-sys/roots.json	bake/facts/build-locks/x86_64-unknown-linux-gnu/wasm-bindgen-0.2.129-std.json
wayland-sys	0.31.11		debug	target	bake/top1000-linux/wayland-sys/roots.json	bake/facts/build-locks/x86_64-unknown-linux-gnu/wayland-sys-0.31.11-.json
web_atoms	0.3.0		debug	target	bake/top1000-linux/html5ever/roots.json	bake/facts/build-locks/x86_64-unknown-linux-gnu/web_atoms-0.3.0-.json
yeslogic-fontconfig-sys	6.0.1		debug	target	bake/top1000-linux/plotters/roots.json	bake/facts/build-locks/x86_64-unknown-linux-gnu/yeslogic-fontconfig-sys-6.0.1-.json
zstd-sys	2.1.0+zstd.1.5.7	default,legacy,zdict_builder	debug	target	bake/top1000-linux/zstd-sys/roots.json	bake/facts/build-locks/x86_64-unknown-linux-gnu/zstd-sys-2.1.0+zstd.1.5.7-default_legacy_zdict_builder.json
zstd-sys	2.1.0+zstd.1.5.7	legacy,std,zdict_builder	debug	target	bake/top1000-linux/zstd/roots.json	bake/facts/build-locks/x86_64-unknown-linux-gnu/zstd-sys-2.1.0+zstd.1.5.7-legacy_std_zdict_builder.json
zstd-sys	2.1.0+zstd.1.5.7	legacy,zdict_builder	debug	target	bake/top1000-linux/zstd-safe/roots.json	bake/facts/build-locks/x86_64-unknown-linux-gnu/zstd-sys-2.1.0+zstd.1.5.7-legacy_zdict_builder.json
zstd-sys	2.1.0+zstd.1.5.7	std	debug	target	bake/top1000-linux/zip/roots.json	bake/facts/build-locks/x86_64-unknown-linux-gnu/zstd-sys-2.1.0+zstd.1.5.7-std.json
