anyhow	1.0.104	default,std	debug	target	bake/top100-linux/anyhow/roots.json
aws-lc-rs	1.18.1	aws-lc-sys,prebuilt-nasm	debug	target	bake/top100-linux/rustls/roots.json
crossbeam-utils	0.8.23	default,std	debug	target	bake/top100-linux/crossbeam-utils/roots.json
getrandom	0.4.3		debug	target	bake/top100-linux/getrandom/roots.json
getrandom	0.4.3	std,sys_rng	debug	target	bake/top100-linux/rand/roots.json
libc	0.2.190		debug	target	bake/top100-linux/getrandom/roots.json
libc	0.2.190	default,std	debug	target	bake/top100-linux/libc/roots.json
libc	0.2.190	std	debug	target	bake/top100-linux/errno/roots.json
parking_lot_core	0.9.12		debug	target	bake/top100-linux/parking_lot_core/roots.json
proc-macro2	1.0.107	default,proc-macro	debug	host	bake/top100-linux/thiserror/roots.json
proc-macro2	1.0.107	default,proc-macro	debug	target	bake/top100-linux/proc-macro2/roots.json
proc-macro2	1.0.107	proc-macro	debug	host	bake/top100-linux/serde_derive/roots.json
proc-macro2	1.0.107	proc-macro	debug	target	bake/top100-linux/syn/roots.json
quote	1.0.47	default,proc-macro	debug	host	bake/top100-linux/thiserror/roots.json
quote	1.0.47	default,proc-macro	debug	target	bake/top100-linux/quote/roots.json
quote	1.0.47	proc-macro	debug	host	bake/top100-linux/serde_derive/roots.json
quote	1.0.47	proc-macro	debug	target	bake/top100-linux/syn/roots.json
rustix	1.1.5	alloc,default,std	debug	target	bake/top100-linux/rustix/roots.json
rustversion	1.0.23		debug	host	bake/top100-linux/generic-array/roots.json
serde	1.0.229	default,std	debug	target	bake/top100-linux/serde/roots.json
serde_core	1.0.229	alloc,std	debug	target	bake/top100-linux/toml/roots.json
serde_core	1.0.229	default,result,std	debug	target	bake/top100-linux/serde_core/roots.json
serde_core	1.0.229	result,std	debug	target	bake/top100-linux/serde/roots.json
serde_core	1.0.229	std	debug	target	bake/top100-linux/serde_json/roots.json
serde_json	1.0.151	default,std	debug	target	bake/top100-linux/serde_json/roots.json
thiserror	2.0.21	default,std	debug	target	bake/top100-linux/thiserror/roots.json
windows_aarch64_gnullvm	0.53.1		debug	target	bake/top100-linux/windows_aarch64_gnullvm/roots.json
windows_aarch64_msvc	0.53.1		debug	target	bake/top100-linux/windows_aarch64_msvc/roots.json
windows_i686_gnu	0.53.1		debug	target	bake/top100-linux/windows_i686_gnu/roots.json
windows_i686_msvc	0.53.1		debug	target	bake/top100-linux/windows_i686_msvc/roots.json
windows_x86_64_gnu	0.53.1		debug	target	bake/top100-linux/windows-targets/roots.json
windows_x86_64_gnullvm	0.53.1		debug	target	bake/top100-linux/windows_x86_64_gnullvm/roots.json
windows_x86_64_msvc	0.53.1		debug	target	bake/top100-linux/windows_x86_64_msvc/roots.json
zerocopy	0.8.60		debug	target	bake/top100-linux/zerocopy/roots.json
zerocopy	0.8.60	simd	debug	target	bake/top100-linux/rand_chacha/roots.json
zmij	1.0.23		debug	target	bake/top100-linux/serde_json/roots.json
