ahash	0.8.12	default,getrandom,runtime-rng,serde,std	release	target	bake/top1000-linux/jsonschema/roots.json	bake/facts/build-locks/x86_64-unknown-linux-gnu/ahash-0.8.12-default_getrandom_runtime-rng_serde_std.json
ahash	0.8.12	default,getrandom,runtime-rng,std	release	target	bake/top1000-linux/ahash/roots.json	bake/facts/build-locks/x86_64-unknown-linux-gnu/ahash-0.8.12-default_getrandom_runtime-rng_std.json
ahash	0.8.12	getrandom,runtime-rng	release	target	bake/top1000-linux/arrow-arith/roots.json	bake/facts/build-locks/x86_64-unknown-linux-gnu/ahash-0.8.12-getrandom_runtime-rng.json
anyhow	1.0.104		release	target	bake/top1000-linux/wasm-metadata/roots.json
anyhow	1.0.104	default,std	release	host	bake/top1000-linux/opentelemetry-otlp/roots.json
anyhow	1.0.104	default,std	release	target	bake/top100-linux/anyhow/roots.json
anyhow	1.0.104	default,std	release	target	bake/top1000-linux/image/roots.json
async-io	2.6.0		release	target	bake/top1000-linux/async-io/roots.json	bake/facts/build-locks/x86_64-unknown-linux-gnu/async-io-2.6.0-.json
av-scenechange	0.14.1		release	target	bake/top1000-linux/image/roots.json
aws-types	1.6.0		release	target	bake/top1000-linux/aws-config/roots.json	bake/facts/build-locks/x86_64-unknown-linux-gnu/aws-types-1.6.0-.json
bigdecimal	0.4.11	default,std	release	target	bake/top1000-linux/bigdecimal/roots.json	bake/facts/build-locks/x86_64-unknown-linux-gnu/bigdecimal-0.4.11-default_std.json
bindgen	0.73.2	default,logging,prettyplease,runtime	release	target	bake/top1000-linux/bindgen/roots.json
borsh	1.8.1	default,std	release	target	bake/top1000-linux/borsh/roots.json	bake/facts/build-locks/x86_64-unknown-linux-gnu/borsh-1.8.1-default_std.json
camino	1.2.6		release	target	bake/top1000-linux/camino/roots.json
camino	1.2.6	serde1	release	target	bake/top1000-linux/cargo_metadata/roots.json
chrono-tz	0.10.4	default,std	release	target	bake/top1000-linux/chrono-tz/roots.json
constant_time_eq	0.6.1	default,std	release	target	bake/top1000-linux/constant_time_eq/roots.json	bake/facts/build-locks/x86_64-unknown-linux-gnu/constant_time_eq-0.6.1-default_std.json
cookie	0.18.2		release	target	bake/top1000-linux/cookie/roots.json	bake/facts/build-locks/x86_64-unknown-linux-gnu/cookie-0.18.2-.json
cookie	0.18.2	percent-encode,percent-encoding	release	target	bake/top1000-linux/cookie_store/roots.json	bake/facts/build-locks/x86_64-unknown-linux-gnu/cookie-0.18.2-percent-encode_percent-encoding.json
cpp_demangle	0.5.1	alloc	release	target	bake/top1000-linux/addr2line/roots.json
cpp_demangle	0.5.1	alloc,default,std	release	target	bake/top1000-linux/cpp_demangle/roots.json
crc32fast	1.5.2	default,std	release	target	bake/top1000-linux/aws-sdk-s3/roots.json
crc32fast	1.5.2	std	release	target	bake/top1000-linux/addr2line/roots.json
crossbeam-deque	0.8.8	default,std	release	target	bake/top1000-linux/criterion/roots.json
crossbeam-deque	0.8.8	std	release	target	bake/top1000-linux/crossbeam/roots.json
crossbeam-epoch	0.9.21	alloc,default,std	release	target	bake/top1000-linux/crossbeam-epoch/roots.json
crossbeam-epoch	0.9.21	alloc,std	release	target	bake/top1000-linux/criterion/roots.json
crossbeam-utils	0.8.23		release	target	bake/top1000-linux/async-channel/roots.json
crossbeam-utils	0.8.23	default,std	release	target	bake/top100-linux/crossbeam-utils/roots.json
crossbeam-utils	0.8.23	default,std	release	target	bake/top1000-linux/criterion/roots.json
crossbeam-utils	0.8.23	std	release	host	bake/top1000-linux/sqlx-macros/roots.json
crossbeam-utils	0.8.23	std	release	target	bake/top1000-linux/crossbeam-channel/roots.json
crunchy	0.2.4	default,limit_128	release	host	bake/top1000-linux/const-random-macro/roots.json
crunchy	0.2.4	default,limit_128	release	target	bake/top1000-linux/crunchy/roots.json
curve25519-dalek	5.0.0	alloc,default,precomputed-tables,zeroize	release	target	bake/top1000-linux/curve25519-dalek/roots.json	bake/facts/build-locks/x86_64-unknown-linux-gnu/curve25519-dalek-5.0.0-alloc_default_precomputed-tables_zeroize.json
curve25519-dalek	5.0.0	digest,precomputed-tables,zeroize	release	target	bake/top1000-linux/ed25519-dalek/roots.json	bake/facts/build-locks/x86_64-unknown-linux-gnu/curve25519-dalek-5.0.0-digest_precomputed-tables_zeroize.json
curve25519-dalek	5.0.0	precomputed-tables,zeroize	release	target	bake/top1000-linux/x25519-dalek/roots.json	bake/facts/build-locks/x86_64-unknown-linux-gnu/curve25519-dalek-5.0.0-precomputed-tables_zeroize.json
defmt-macros	1.1.1		release	host	bake/top1000-linux/defmt-macros/roots.json
encoding_rs	0.8.42	alloc,default	release	target	bake/top1000-linux/encoding_rs/roots.json	bake/facts/build-locks/x86_64-unknown-linux-gnu/encoding_rs-0.8.42-alloc_default.json
erased-serde	0.4.10	alloc	release	target	bake/top1000-linux/serde-untagged/roots.json
erased-serde	0.4.10	alloc,default,std	release	target	bake/top1000-linux/erased-serde/roots.json
eyre	0.6.14	auto-install,default,track-caller	release	target	bake/top1000-linux/eyre/roots.json	bake/facts/build-locks/x86_64-unknown-linux-gnu/eyre-0.6.14-auto-install_default_track-caller.json
flatbuffers	25.12.19		release	target	bake/top1000-linux/arrow-ipc/roots.json	bake/facts/build-locks/x86_64-unknown-linux-gnu/flatbuffers-25.12.19-.json
flatbuffers	25.12.19	default,std	release	target	bake/top1000-linux/flatbuffers/roots.json	bake/facts/build-locks/x86_64-unknown-linux-gnu/flatbuffers-25.12.19-default_std.json
font-kit	0.14.3	default,source	release	target	bake/top1000-linux/plotters/roots.json
fs-err	3.3.2		release	target	bake/top1000-linux/fs-err/roots.json	bake/facts/build-locks/x86_64-unknown-linux-gnu/fs-err-3.3.2-.json
generic-array	0.14.7	more_lengths	release	host	bake/top1000-linux/sqlx-macros/roots.json	bake/facts/build-locks/x86_64-unknown-linux-gnu/generic-array-0.14.7-more_lengths.json
generic-array	0.14.7	more_lengths	release	target	bake/top1000-linux/ark-ff/roots.json	bake/facts/build-locks/x86_64-unknown-linux-gnu/generic-array-0.14.7-more_lengths.json
generic-array	0.14.7	more_lengths,zeroize	release	target	bake/top1000-linux/aws-sdk-s3/roots.json	bake/facts/build-locks/x86_64-unknown-linux-gnu/generic-array-0.14.7-more_lengths_zeroize.json
generic-array	0.14.9		release	target	bake/top1000-linux/sqlx-mysql/roots.json	bake/facts/build-locks/x86_64-unknown-linux-gnu/generic-array-0.14.9-.json
getrandom	0.3.4		release	target	bake/top1000-linux/ahash/roots.json
getrandom	0.3.4	std	release	target	bake/top1000-linux/opentelemetry-otlp/roots.json
getrandom	0.4.3		release	target	bake/top100-linux/getrandom/roots.json
getrandom	0.4.3		release	target	bake/top1000-linux/argon2/roots.json
getrandom	0.4.3	std	release	target	bake/top1000-linux/redox_users/roots.json
getrandom	0.4.3	std,sys_rng	release	target	bake/top100-linux/rand/roots.json
getrandom	0.4.3	std,sys_rng	release	target	bake/top1000-linux/hickory-proto/roots.json
getrandom	0.4.3	sys_rng	release	target	bake/top1000-linux/aes-gcm/roots.json
heapless	0.7.17	atomic-polyfill,cas,serde	release	target	bake/top1000-linux/postcard/roots.json	bake/facts/build-locks/x86_64-unknown-linux-gnu/heapless-0.7.17-atomic-polyfill_cas_serde.json
heapless	0.9.3		release	target	bake/top1000-linux/cobs/roots.json
httparse	1.10.1		release	target	bake/top1000-linux/ureq-proto/roots.json
httparse	1.10.1	default,std	release	target	bake/top1000-linux/aws-config/roots.json
icu_locale_fallback_data	2.3.0		release	target	bake/top1000-linux/textwrap/roots.json
icu_locid_transform_data	1.5.1		release	target	bake/top1000-linux/icu_locid_transform_data/roots.json
icu_normalizer_data	2.3.0		release	host	bake/top1000-linux/sqlx-macros/roots.json
icu_normalizer_data	2.3.0		release	target	bake/top1000-linux/aws-config/roots.json
icu_properties_data	2.3.0		release	host	bake/top1000-linux/sqlx-macros/roots.json
icu_properties_data	2.3.0		release	target	bake/top1000-linux/aws-config/roots.json
icu_segmenter_data	2.3.0		release	target	bake/top1000-linux/textwrap/roots.json
inotify-sys	0.1.8		release	target	bake/top1000-linux/inotify-sys/roots.json
io-lifetimes	3.0.1	default	release	target	bake/top1000-linux/io-lifetimes/roots.json
jni	0.22.4	default	release	target	bake/top1000-linux/jni/roots.json	bake/facts/build-locks/x86_64-unknown-linux-gnu/jni-0.22.4-default.json
jni-macros	0.22.4		release	host	bake/top1000-linux/jni-macros/roots.json	bake/facts/build-locks/x86_64-unknown-linux-gnu/jni-macros-0.22.4-.json
jni-sys	0.3.1	default	release	target	bake/top1000-linux/ndk-sys/roots.json
jsonschema-value	0.58.6	default,serde_json	release	target	bake/top1000-linux/jsonschema/roots.json
k8s-openapi	0.28.0		release	target	bake/top1000-linux/kube-client/roots.json
k8s-openapi	0.28.0	default,latest,std,v1_36	release	target	bake/top1000-linux/k8s-openapi/roots.json
libc	0.2.190		release	host	bake/top1000-linux/const-random-macro/roots.json
libc	0.2.190		release	target	bake/top100-linux/getrandom/roots.json
libc	0.2.190		release	target	bake/top1000-linux/aes-gcm/roots.json
libc	0.2.190	default,extra_traits,std	release	target	bake/top1000-linux/ctrlc/roots.json
libc	0.2.190	default,std	release	host	bake/top1000-linux/sqlx-macros/roots.json
libc	0.2.190	default,std	release	target	bake/top100-linux/libc/roots.json
libc	0.2.190	default,std	release	target	bake/top1000-linux/addr2line/roots.json
libc	0.2.190	std	release	target	bake/top100-linux/errno/roots.json
libc	0.2.190	std	release	target	bake/top1000-linux/whoami/roots.json
libm	0.2.16		release	target	bake/top1000-linux/image/roots.json
libm	0.2.16	arch,default	release	target	bake/top1000-linux/arrow-arith/roots.json
matrixmultiply	0.3.11	avx512,default,std	release	target	bake/top1000-linux/matrixmultiply/roots.json	bake/facts/build-locks/x86_64-unknown-linux-gnu/matrixmultiply-0.3.11-avx512_default_std.json
matrixmultiply	0.3.11	cgemm,std	release	target	bake/top1000-linux/ndarray/roots.json	bake/facts/build-locks/x86_64-unknown-linux-gnu/matrixmultiply-0.3.11-cgemm_std.json
memoffset	0.9.1	default	release	target	bake/top1000-linux/memoffset/roots.json	bake/facts/build-locks/x86_64-unknown-linux-gnu/memoffset-0.9.1-default.json
mime_guess	2.0.5	default,rev-mappings	release	target	bake/top1000-linux/mime_guess/roots.json	bake/facts/build-locks/x86_64-unknown-linux-gnu/mime_guess-2.0.5-default_rev-mappings.json
mockall	0.15.0		release	target	bake/top1000-linux/mockall/roots.json
mockall_derive	0.15.0		release	host	bake/top1000-linux/mockall/roots.json
multer	3.1.0	default	release	target	bake/top1000-linux/multer/roots.json	bake/facts/build-locks/x86_64-unknown-linux-gnu/multer-3.1.0-default.json
native-tls	0.2.18	default	release	target	bake/top1000-linux/hyper-tls/roots.json
nix	0.31.3		release	target	bake/top1000-linux/object_store/roots.json	bake/facts/build-locks/x86_64-unknown-linux-gnu/nix-0.31.3-.json
nix	0.31.3	default	release	target	bake/top1000-linux/nix/roots.json	bake/facts/build-locks/x86_64-unknown-linux-gnu/nix-0.31.3-default.json
nix	0.31.3	process,signal	release	target	bake/top1000-linux/ctrlc/roots.json	bake/facts/build-locks/x86_64-unknown-linux-gnu/nix-0.31.3-process_signal.json
ntapi	0.4.3	default,user	release	target	bake/top1000-linux/ntapi/roots.json
num-bigint-dig	0.8.6	i128,prime,rand,u64_digit,zeroize	release	target	bake/top1000-linux/rsa/roots.json
num-bigint-dig	0.9.1	default,rand,serde,std,u64_digit	release	target	bake/top1000-linux/num-bigint-dig/roots.json
num-traits	0.2.19		release	target	bake/top1000-linux/approx/roots.json	bake/facts/build-locks/x86_64-unknown-linux-gnu/num-traits-0.2.19-.json
num-traits	0.2.19	default,i128,std	release	target	bake/top1000-linux/image/roots.json	bake/facts/build-locks/x86_64-unknown-linux-gnu/num-traits-0.2.19-default_i128_std.json
num-traits	0.2.19	default,std	release	target	bake/top100-linux/num-traits/roots.json	bake/facts/build-locks/x86_64-unknown-linux-gnu/num-traits-0.2.19-default_std.json
num-traits	0.2.19	default,std	release	target	bake/top1000-linux/asn1-rs/roots.json	bake/facts/build-locks/x86_64-unknown-linux-gnu/num-traits-0.2.19-default_std.json
num-traits	0.2.19	i128	release	host	bake/top1000-linux/ark-ff-macros/roots.json	bake/facts/build-locks/x86_64-unknown-linux-gnu/num-traits-0.2.19-i128.json
num-traits	0.2.19	i128	release	target	bake/top1000-linux/ark-ff/roots.json	bake/facts/build-locks/x86_64-unknown-linux-gnu/num-traits-0.2.19-i128.json
num-traits	0.2.19	i128,libm	release	target	bake/top1000-linux/rsa/roots.json	bake/facts/build-locks/x86_64-unknown-linux-gnu/num-traits-0.2.19-i128_libm.json
num-traits	0.2.19	i128,libm,std	release	target	bake/top1000-linux/arrow-arith/roots.json	bake/facts/build-locks/x86_64-unknown-linux-gnu/num-traits-0.2.19-i128_libm_std.json
num-traits	0.2.19	i128,std	release	target	bake/top1000-linux/arrow-buffer/roots.json	bake/facts/build-locks/x86_64-unknown-linux-gnu/num-traits-0.2.19-i128_std.json
num-traits	0.2.19	libm	release	target	bake/top1000-linux/rand_distr/roots.json	bake/facts/build-locks/x86_64-unknown-linux-gnu/num-traits-0.2.19-libm.json
num-traits	0.2.19	std	release	target	bake/top1000-linux/atoi/roots.json	bake/facts/build-locks/x86_64-unknown-linux-gnu/num-traits-0.2.19-std.json
objc2	0.6.5	alloc,default,std	release	target	bake/top1000-linux/objc2/roots.json
objc2	0.6.5	alloc,std	release	target	bake/top1000-linux/block2/roots.json
object	0.37.3	archive,coff,elf,macho,pe,read_core,unaligned,xcoff	release	target	bake/top1000-linux/backtrace/roots.json
object	0.39.1	archive,coff,elf,macho,pe,read,read_core,std,xcoff	release	target	bake/top1000-linux/ar_archive_writer/roots.json
oid-registry	0.8.1	crypto,default,kdf,nist_algs,pkcs1,pkcs12,pkcs7,pkcs9,registry,x509,x962	release	target	bake/top1000-linux/x509-parser/roots.json
oid-registry	0.8.1	default,registry	release	target	bake/top1000-linux/oid-registry/roots.json
openssl	0.10.81	default	release	target	bake/top1000-linux/hyper-tls/roots.json
parking_lot_core	0.9.12		release	host	bake/top1000-linux/sqlx-macros/roots.json
parking_lot_core	0.9.12		release	target	bake/top100-linux/parking_lot/roots.json
parking_lot_core	0.9.12		release	target	bake/top1000-linux/crossterm/roots.json
paste	1.0.15		release	host	bake/top1000-linux/image/roots.json
pathfinder_simd	0.5.6		release	target	bake/top1000-linux/plotters/roots.json	bake/facts/build-locks/x86_64-unknown-linux-gnu/pathfinder_simd-0.5.6-.json
portable-atomic	1.15.0		release	target	bake/top1000-linux/hickory-proto/roots.json
portable-atomic	1.15.0	default,fallback	release	target	bake/top1000-linux/hickory-resolver/roots.json
portable-atomic	1.15.0	fallback	release	target	bake/top1000-linux/quanta/roots.json
portable-atomic	1.15.0	require-cas	release	target	bake/top1000-linux/portable-atomic-util/roots.json
portable-atomic-util	0.2.8	default	release	target	bake/top1000-linux/portable-atomic-util/roots.json
prettyplease	0.2.37		release	target	bake/top1000-linux/prost-build/roots.json
prettyplease	0.3.0		release	host	bake/top1000-linux/bon-macros/roots.json
prettyplease	0.3.0		release	target	bake/top1000-linux/prettyplease/roots.json
prettyplease	0.3.0	verbatim	release	target	bake/top1000-linux/bindgen/roots.json
proc-macro-error	1.0.4	default,syn,syn-error	release	target	bake/top1000-linux/proc-macro-error/roots.json	bake/facts/build-locks/x86_64-unknown-linux-gnu/proc-macro-error-1.0.4-default_syn_syn-error.json
proc-macro-error-attr	1.0.4		release	host	bake/top1000-linux/proc-macro-error-attr/roots.json	bake/facts/build-locks/x86_64-unknown-linux-gnu/proc-macro-error-attr-1.0.4-.json
proc-macro2	1.0.107		release	target	bake/top1000-linux/prettyplease/roots.json
proc-macro2	1.0.107	default,proc-macro	release	host	bake/top100-linux/futures-util/roots.json
proc-macro2	1.0.107	default,proc-macro	release	host	bake/top1000-linux/aligned-vec/roots.json
proc-macro2	1.0.107	default,proc-macro	release	target	bake/top100-linux/proc-macro2/roots.json
proc-macro2	1.0.107	default,proc-macro	release	target	bake/top1000-linux/bindgen/roots.json
proc-macro2	1.0.107	proc-macro	release	host	bake/top100-linux/serde_derive/roots.json
proc-macro2	1.0.107	proc-macro	release	host	bake/top1000-linux/ark-ff-asm/roots.json
proc-macro2	1.0.107	proc-macro	release	target	bake/top100-linux/quote/roots.json
proc-macro2	1.0.107	proc-macro	release	target	bake/top1000-linux/prost-build/roots.json
proc-macro2-diagnostics	0.11.0		release	target	bake/top1000-linux/proc-macro2-diagnostics/roots.json
prometheus	0.14.0	default,protobuf	release	target	bake/top1000-linux/prometheus/roots.json
